NPN;construction;preposition;noun;pre_lemma;context_pre
abbondanza ad abbondanza;no;a;abbondanza;aggiungere;Anche per i Benetton il miliardo messo a disposizione dalla Cassa, con l'astensione in consiglio di Viesti e di un altro componente, sembra aggiungere
acero  a acero;no;a;acero;da;Immaginando di tradurre le tinte in suoni, si sentirebbe il gemito del popolo delle foreste, un'eco straziante che si propaga da
acque ad acque;no;a;acque;nube;Dapprima la tempesta opponeva nubi a nubi,
affetto a affetto;no;a;affetto;da;Diventiamo veramente gli epiteti che ci vengono spinti sotto il muso, i nomignoli, le dolci cime lanciate da
agenzia ad agenzia;no;a;agenzia;da;Il tutto tra l'altro avviene nel giro di pochi mesi con una successione da
albero ad albero;no;a;albero;da;Non un solo silenzio, ma parecchi: quello del muschio sotto i piedi, quello delle ombre da
amici ad amici;no;a;amici;fratello;Riconosco i tanti cognomi della comunità, rivedo le loro storie, riunisco figli a genitori, fratelli a fratelli,
amico a amico;no;a;amico;da;Quello stesso pomeriggio si presentò in caserma Toulouse Valmorain per parlare con Relais da
amico ad amico;no;a;amico;da;E visto che tra noi è tutto finito, dimmelo francamente, da
anima ad anima;no;a;anima;da;Sembrano interconnesse in una sfida infinita che si tramanda da corpo a corpo, da
anima ad anima;no;a;anima;da;Sembrano interconnesse in una sfida infinita che si tramanda da corpo a corpo, da
animale ad animale;no;a;animale;da;La ragione sta nell'assetto diverso dei cromosomi, le cui forme e specie quasi sempre variano da
anno a anno;no;a;anno;da;I raccolti rivaleggiano gli uni con gli altri, da
anticorpo ad anticorpo;no;a;anticorpo;da;Questa zona della molecola differisce da
appezzamento ad appezzamento;no;a;appezzamento;da;Anche il numero di vermi presenti nel suolo per metro quadrato (nei primi 20 cm di profondità), pur variando da
architettura ad architettura;no;a;architettura;da;Come il set di istruzioni varia da
argomento ad argomento;no;a;argomento;da;Io credo che tale dipendenza sia molto variabile, da persona a persona e da
artista ad artista;no;a;artista;da;Lo spessore dello strato pittorico varia da
assurdo ad assurdo;no;a;assurdo;contrapporre;Ma non ha molto senso contrapporre
autoradio ad autoradio;no;a;autoradio;da;Non è il caso di sottolineare quanto sia utile poter trasmettere una foto da
autore a autore;no;a;autore;da;Certo, ed è persino superfluo ricordarlo, l'orchestrazione del dialogato conosce modulazioni plurime, variando da
azienda ad azienda;no;a;azienda;da;La modularità delle ante varia da
azienda ad azienda;no;a;azienda;da;Il rapporto prezzo utili varia significativamente da settore a settore e, spesso, da
balcone a balcone;no;a;balcone;da;I miei abitano in un quartiere dove ancora le massaie comunicano da
balcone a balcone;no;a;balcone;da;La sua ultima creatura erano stati i bastoni per reggere i calici dello spumante con cui aveva allietato i brindisi da
balle a balle;no;a;balle;aggiungere;Concluse che forse era meglio non aggiungere
bambino a bambino;no;a;bambino;da;Le difficoltà e i successi ovviamente variano da
bambino a bambino;no;a;bambino;da;Eppure non è mai stato provato un caso al mondo di contagio da
bocca a bocca;no;a;bocca;da;Per non far cadere il sugo prendendolo con le dita, glielo passò da
bocca a bocca;no;a;bocca;a;Sperava che saltasse fuori un veleno o una tossina, ma gli interessava anche sapere se Clive era positivo all'HIV, dato che gli aveva praticato la respirazione a
bocca a bocca;no;a;bocca;a;Juanita si precipitò a praticarle la respirazione a
bocca a bocca;no;a;bocca;da;Come si diffondono, ingigantendosi nel passare da
banca a banca;no;a;banca;da;Nonostante questo, i metodi di tariffazione sono differenti da
banca a banca;no;a;banca;da;Organizzazione di spostamento di capitale (conto) da
banca a banca;no;a;banca;da;Va ricordato che la tessera Pagobancomat - utilizzabile per i pagamenti presso i punti convenzionati - prevede un costo annuo variabile da
banca a banca;no;a;banca;da;E in questo caso i costi sono diversi da
banca a banca;no;a;banca;da;Per chiudere questo mutuo dovrete pagare una penale del 3% (ma come si vede nella tabella la percentuale cambia da
banca a banca;no;a;banca;da;Una volta compiuta la scelta vengono attivate le procedure di sicurezza, che variano, ma di poco, da
banca a banca;no;a;banca;da;l prezzo al dettaglio (diverso da
banca a banca;no;a;banca;da;Al di là della comodità, dal punto di vista economico la convenienza della domiciliazione varia però non solo da
banca a banca;no;a;banca;da;Per quest'ultimo servizio non c'è alcuna differenza tra tessera vecchia e tessera nuova: sono rimaste in vigore, infatti, le precedenti condizioni economiche, diverse da
bar a bar;no;a;bar;da;La cifra complessiva cambiava da
bar a bar;no;a;bar;da;Non gli avrebbe detto dove aveva passato la notte, non gli avrebbe raccontato di quel lungo vagabondaggio da
barca a barca;no;a;barca;da;Riflessa dall'acciaio nero della Moldava, l'agitazione variopinta dei giochi di luce faceva guizzare i suoi messaggi di fuoco da
biblioteca a biblioteca;no;a;biblioteca;da;Se vogliamo tracciare una storia di libertà di Stato, di ragione da Niccolò Machiavelli a Norberto Bobbio, non dovremo più peregrinare da città a città o da
bordo a bordo;no;a;bordo;da;Prima si tracciano delle linee in una direzione, da
borsa a borsa;no;a;borsa;da;I biglietti di carta spessa, antica, resa da un indefinibile numero di passaggi da mano a mano, da
braccio a braccio;no;a;braccio;da;Sembrerà assurdo ma il movimento anti-vaccinista è nato ancor prima della vaccinazione, durante la variolazione, ovvero il passaggio del vaiolo da pustola a pustola, da
brano a brano;no;a;brano;a;Cominciò il corpo a corpo tra la folla e la milizia e più nessuno ebbe pietà: il leone affamato non strappa così a
brano a brano;no;a;brano;a;In questo fango si genererà poi una quantità di piccole mosche e di altri animaletti che si raggomitoleranno nel mio sangue e mi divoreranno a
brano a brano;no;a;brano;a;Talora le passava per la testa una fuggevole meraviglia: che si possa esser trascinati così mentre si muore a
brano a brano;no;a;corpo;a;Talora le passava per la testa una fuggevole meraviglia: che si possa esser trascinati così mentre si muore a
bunkr a bunker;no;a;bunker;da;Ma anche Saddam Hussein durante la Guerra del golfo si mosse da
camino a camino;no;a;camino;da;L'Atrium era pieno di persone che si spostavano da
campo a campo;no;a;campo;da;Per muovere il punto di inserzione da
campo a campo;no;a;campo;da;A Durazzo la voce si insegue da
canino a canino;no;a;canino;da;Non sarei troppo esigente con l'editore, basterebbe un piccolo anticipo di dodici milioni (tale è la cifra che il mio dentista esige per il nuovo ponte superiore da
capitolo a capitolo;no;a;capitolo;da;All'interno del bilancio amministrativo, la Commissione può procedere, nei limiti e alle condizioni fissate dal regolamento stabilito in esecuzione dell'articolo 78 nono, a trasferimenti di crediti, sia da
capoluogo a capoluogo;no;a;capoluogo;da;"""La spesa delle famiglie delle imprese per l'acqua varia notevolmente in Italia, da"
casa a casa;no;a;casa;da;Nel tragitto che percorro ogni settimana, da
casa a casa;no;a;casa;da;A Durazzo la voce si insegue da campo a campo, da
casa a casa;no;a;casa;da;Quelle ricette sempre uguali a se stesse, eppure diverse da
casella a casella;no;a ;casella;da;"Per questo motivo oggi sono necessari anche i portalettere: quando passeremo alla posta elettronica ""pura"", cioè che viaggia da"
casello a casello;no;a;casello;da;Masotti padre, per l'incazzatura, prese su e andò da Bologna a Taranto in tre ore da
caserma a caserma;no;a;caserma;da;Che invece d'una esercitazione notturna o d'uno spostamento di forze da
caso a caso;no;a;caso;da;Il terzo stadio consiste in una nuova riduzione del numero dei dipendenti, contestuale a una profonda riorganizzazione, diversa da
caso a caso;no;a;caso;da;I risultati sono estremamente variabili da
caso a caso;no;a;caso;da;Per quanto riguarda i lavoratori autonomi, l'accesso alle singole professioni è regolato da requisiti diversi da
caso a caso;no;a;caso;da;Nonostante l'omogeneità delle indicazioni di legge, la realtà dei Consultori nelle Regioni risulta diversa da
caso a caso;no;a;caso;da;Dato che le situazioni possono essere molto diverse da
categoria a categoria;no;a;categoria;da;Negli ultimi anni il fatturato dei professionisti - spiega Gaetano Stella, presidente di Confprofessioni - è calato da
categoria a categoria;no;a;categoria;da;Analogamente può essere trasferito da
categoria a categoria;no;a;categoria;da;Analogamente può essere trasferito da categoria a categoria e da specialità a specialità il sottufficiale e il volontario in congedo della Marina militare, da ruolo a ruolo e da
cellula a cellula;no;a;cellula;da;L'apertura di questi canali contribuisce a controllare l'eccitabilità della cellula e la liberazione di neurotrasmettitori, i quali veicolano i messaggi da
cellula a cellula;no;a;cellula;da;Tra tutte le teorie, la più interessante è sembrata essere quella che indica la presenza di un'alterazione a carico delle sostanze deputate al trasporto dell'impulso nervoso da
cellule a cellule;no;a;cellule;questo;Se un antigene viene presentato dalle cellule specializzate nel presentare l'antigene, determina anche l'attivazione linfocitaria e la differenziazione di queste
centro a centro;no;a;centro;da;La distanza di questi fra di loro deve essere - da
centro a centro;no;a;centro;da;La distanza fra le grandi colonne è pari, da
centro a centro;no;a;centro;da;"Inoltre, a causa della mancanza di standard unici, le condizioni ""variano da"
ceppo a ceppo;no;a;ceppo;da;Gli enzimi di parecchi ceppi possono essere confrontati mediante tecniche statistiche che rivelano la divergenza genetica relativa da
cervello a cervello;no;a;cervello;da;Così, l'uomo ha dovuto confrontarsi con la donna in modo diverso, da
chiusura a chiusura;no;a;chiusura;da;In questa prospettiva il calo del BTp future, che da
ciglio a ciglio;no;a;ciglio;da;Se il confine si trova in un fosso comune o in una via privata, la distanza si misura da
circoscrizione a circoscrizione;no;a;circoscrizione;da;Il numero di liste varia invece da
classe a classe;no;a;classe;da;Quando le incursioni maschili da
codice a codice;no;a;codice;da;È anche il caso delle trascrizioni da
collega a collega;no;a;collega;da;Pongo solo un dubbio deontologico, da
collega a collega;no;a;collega;da;"A una sola condizione, da """
collina a collina;no;a;collina;da;Adesso qui, come in Borgogna, siamo concentrati su come il Barolo si esprima da
collisione a collisione;no;a;collisione;da;A parità di peso atomico, il rapporto E1 E2 è compreso tra 1 e (1 + a) 2, anche se in realtà J varia statisticamente da
colpo a colpo;no;a;colpo;a;Lui va avanti, martella e inchioda, sale e scende e sposta la scala e ci risale, chiude a
coltura a coltura;no;a;coltura;da;Si è visto che la colza GM è una coltura ad alto rischio per quanto riguarda il flusso di geni da
commento a commento;no;a;commento;aggiungere;Volti tirati, ma è inutile aggiungere
compagnia a compagnia;no;a;compagnia;da;Il costo del biglietto può variare da
compagnia a compagnia;no;a;compagnia;da;Sulle polizze nuove le provvigioni variano da ramo a ramo e da
compagnia a compagnia;no;a;compagnia;da;Considerando le polizze standard, le formule possono variare da
comparto a comparto;no;a;comparto;da;Ciò però in un contesto che si presenta molto differenziato da
competizione a competizione;no;a;competizione;da;È importante comunque leggere i vari regolamenti che possono variare da
complotto a complotto;no;a;complotto;da;Un progetto astratto di complotto migrava da
computer a computer;no;a;computer;da;Il teleshopping è un'applicazione dell'Edi, Electronic data interchange, scambio elettronico di dati da
computer a computer;no;a;computer;da;"""Oggi è possibile fare chiamate in voce tramite la rete e non solo da"
comune a comune;no;a;comune;da;I contributi ed aiuti sociali esistono in Italia, ma il sistema varia da
comune a comune;no;a;comune;da;La differenza percentuale fra livello minimale e medio della spesa standard varia però in modo sensibile da
comune a comune;no;a;comune;da;I fabbisogni di spesa pro capite risultano assai diversi da
comune a comune;no;a;comune;da;Questa procedura, necessaria per evitare squilibri nei bilanci comunali, genera però un impatto sul reddito disponibile dei cittadini diverso da
comune a comune;no;a;comune;da;La distribuzione degli anziani, in particolare, risulta fortemente variabile da regione a regione e, a livello locale, anche da
comune a comune;no;a;comune;da;Con le limitazioni in termini di trasferte e spostamenti da regione a regione e in alcuni casi da
comune a comune;no;a;comune;da;Limitare gli spostamenti, anche da
concessionario a concessionario;no;a;concessionario;da;In vendita al prezzo di listino di 10,8 milioni (in realtà molto più basso grazie alle tante offerte promozionali che variano da
confine a confine;no;a;confine;da;Il traffico di transito delle merci attraverso le Alpi da
confine a confine;no;a;confine;da;"In Finlandia si disputa la marcia sciistica non competitiva più lunga del mondo: la Rajalta rajalle - hiihto (che tradotto dal finlandese significa ""Sciata da"
confusione a confusione;no;a;confusione;aggiungere;È un momento storico, aggiunge la nota, «che esige di non disperdere il voto, per non aggiungere
corpo a corpo;no;a;corpo;da;Sembrano interconnesse in una sfida infinita che si tramanda da
corpo a corpo;no;a;corpo;a;Le tattiche riflettono le tradizionali forme di lotta a
corpo a corpo;no;a;corpo;da;Mi sono avvicinato all'opera da
corpo a corpo;no;a;corpo;a;Così Alba venne a conoscenza di un principe che aveva dormito cent'anni, di damigelle che lottavano a
corpo a corpo;no;a;corpo;a;Un classico contemporaneo a tu per tu, o meglio a
danno a danno;no;a;danno;aggiungere;Le larve di questi insetti, subdoli untori, per aggiungere
danno a danno;no;a;danno;aggiungerebbe;Guai se non fosse così - ha tuonato Romiti - poiché dopo tanti sforzi si aggiungerebbe
decibel a decibel;no;a;decibel;aggiungere;Tutti in fila verso l'ingresso del Motodrom, con le bandiere sottobraccio e le trombe da stadio per aggiungere
deficit a deficit;no;a;deficit;sommare;tutto vero, dirà il pensionato, ma è anche vero che se sommo
deposito a deposito;no;a;deposito;da;Le voci, le ipotesi, le telefonate tra colleghi di Sorbo e di De Santi rimbalzano da
destra a destra;no;a;destra;di;I gruppi politici di sinistra stanno a sinistra rispetto al tavolo della presidenza, quelli di centro al centro e quelli di
difficoltà a difficoltà;no;a;difficoltà;aggiungere;Dalla scatola a sorpresa della nostra politica, che non riesce a correggere se stessa, rischiano continuamente di uscire riforme sbagliate , che aggiungono
dinamitardo a dinamitardo;no;a;dinamitardo;da;Come se un testimone fosse passato di mano da
disappunto a disappunto;no;a;disappunto;aggiungere;Si diede subito della stupida e questo fatto aggiunse
disastro a disastro;no;a;disastro;impraticabile;"Dunque, una buona legge risulta impraticabile
disastro a disastro;no;a;disastro;aggiungere;E poi, se la pioggia rimane così debole non può certo aggiungere
disastro a disastro;no;a;disastro;aggiungere;Se dovesse piovere, si aggiungerebbe
disciplina a disciplina;no;a;disciplina;da;In più, il grado di sconnessione varia da
disordine a disordine;no;a;disordine;solo;Ho sbagliato a venire fin qua per te, ho sommato solo
distorsione a distorsione;no;a;distorsione;aggiungere;Il fatto è che il monopolio, privato o pubblico che sia, modella di sè il sistema e aggiunge
distretto a distretto;no;a;distretto;da;Tra l'altro, per fronteggiare il ripetersi di cause di questo tipo, i tribunali hanno messo a punto una sorta di tabella dei rimborsi, che varia da
donna a donna;no;a;donna;aggiungere;Vai ora, non stare a perdere tempo, aggiungi
donna a donna;no;a;donna;da;Il deficit estrogenico ha una serie di effetti a breve, medio e lungo termine differenti per incidenza da
donna a donna;no;a;donna;da;"Nessuno è in grado di prevedere con esattezza quando inizierà il travaglio
donna a donna;no;a;donna;da;L'intensità del dolore in questa fase varia molto da
donna a donna;no;a;donna;da;Gli parlò come si potrebbe parlare da
donna a donna;no;a;donna;da;Ma se vuole un consiglio da
donna a donna;no;a;donna;da;Se mi fossi presentata nella maniera giusta, ho pensato, se le avessi parlato da
donna a donna;no;a;donna;da;La signorina Griffin ed io abbiamo fatto una lunga chiacchierata, da
donna a donna;no;a;donna;da;Sono villana, lo sai già, e se c'è qualcosa che mi mette di malumore sono le sedute di confidenze da
donna a donna;no;a;donna;da;C'è una donna vescovo, adesso, negli Stati Uniti, forse potrei chiamarla, forse lei potrebbe arrivare a Vina e, non so, forse, parlandole da
donna a donna;no;a;donna;da;"Ai margini di un recente convegno sulla giustizia minorile, una procuratore aggiunta raccontava ""da"
donna a donna;no;a;donna;da;Quali sono i fattori che determinano queste differenze da
dorso a dorso;no;a;dorso;a;Certamente facendo percorsi trekking (che durano più di un giorno) scendendo al fiume a piedi o a
egemonia ad egemonia;no;a;egemonia;aggiungere;Perché l'Ulivo ha avuto l'abilità - se possiamo considerarla un'abilità - di aggiungere
eguale a eguale;no;a;eguale;da;Perché se è vero che noi oggi proclamiamo la nostra indipendenza d'intesa col Belgio, paese amico col quale oggi trattiamo da
elaboratore a elaboratore;no;a;elaboratore;da;Le regole del protocollo TCP IP consentono il trasferimento di pacchetti di dati da
elemento a elemento;no;a;elemento;da;La concentrazione, a cui una sostanza provoca inquinamento, varia molto da
ente a ente;no;a;ente;da;I particolari di questi approcci variano da
ente a ente;no;a;ente;da;Bergoglio sollecita una maggiore mobilità da
episodio a episodio;no;a;episodio;saldare;Lo avrebbe appreso a pezzi e bocconi quando a Tiziano Sclavi andava di mettere un poco d'ordine nella sua opera ribollente e provava a saldare
epoca a epoca;no;a;epoca;da;Non credo che saranno molto diversi da quelli attuali, l'etica è sempre la stessa, da
epoca a epoca;no;a;epoca;da;È vero che il concetto di giustizia cambia da
essere ad essere;no;a;essere;da;Sembrano interconnesse in una sfida infinita che si tramanda da corpo a corpo, da anima ad anima, da
euro a euro;no;a;euro;500;Salvo che il fatto costituisca reato, il mancato rispetto, da parte del debitore, dei termini di pagamento stabiliti al comma 3 è punito con sanzione amministrativa pecuniaria da 500
fabbricato a fabbricato;no;a;fabbricato;da;Poi, però, bisogna distinguere da
faccia a faccia;no;a;faccia;a;Solo alla fine, quando avrà termine la nostra conoscenza imperfetta e vedremo Dio a
faccia a faccia;no;a;faccia;a;E dopo la passione e la morte del nostro Signore Gesù Cristo, esse hanno visto e vedono l'essenza divina in una visione intuitiva e anche a
faccia a faccia;no;a;faccia;confuso;"Ora vediamo come in uno specchio, in maniera confusa
faccia a faccia;no;a;faccia;a;Varan girò la testa e si trovò a
faccia a faccia;no;a;faccia;a;Daniele partì di corsa, senza pensare e in un secondo si ritrovò tra le suore che lo bloccarono e lui si ritrovò a
farmaco a farmaco;no;a;farmaco;da;Gli inibitori della proteasi, ed in misura minore efavirenz, possono provocare aumento delle concentrazioni ematiche dei farmaci neurolettici, convenzionali e di nuova generazione, in misura variabile da
farmaco a farmaco;no;a;farmaco;da;L'uso concomitante di Inibitori della Proteasi provoca una riduzione della AUC del metadone, variabile da
farmaco a farmaco;no;a;farmaco;da;L'ampiezza di effetti collaterali varia molto da paziente a paziente e da
fase a fase;no;a;fase;da;È interessante notare come la sensibilità al tema delle radici varia da movimento a movimento e da
fibra a fibra;no;a;fibra;da;Il mio nervo acustico è ormai stiracchiato da
film a film;no;a;film;da;Il più significativo fu quello che troviamo nella carriera di un trasgressore radicale e, nel suo passare da
film a film;no;a;film;da;E per quanto le risposte varino molto da
film a film;no;a;film;da;Evidentemente gli esiti stilistici sono diversi da
finestra a finestra;no;a;finestra;da;"Aurora vive in un quartiere molto difficile di Aprilia, ""vicino alle case popolari"", spiega, ""e capita che ci si spari da"
finestra a finestra;no;a;finestra;da;Variata di tono, timbro e altezza come un gioco di foco che s'alzava nell'aria la parola rimbalzò da tetto a tetto, da
fiume a fiume;no;a;fiume;da;L'intero universo si inchinò al tirannosauro: io mi chiudevo dentro al guscio o balzavo da
foglia a foglia;no;a;foglia;da;Liscio come uno specchio tanto che il vento non rimbalzava da
fratelli a fratelli;no;a;fratello;genitore;Riconosco i tanti cognomi della comunità, rivedo le loro storie, riunisco figli a genitori,
fratello a fratello;no;a;fratello;da;Ti racconto tutte queste cose, Jibril, da
goccia a goccia ;no;a;goccia;a;Quando lo zucchero si è completamente sciolto e forma un filo continuo se preso fra il pollice e l'indice, toglietelo dal fuoco e versatelo a
goccia a goccia ;no;a;goccia;a;Accese uno Zippo, infiammò lo stoppino di una piccola ampolla di cherosene e cominciò a sciogliere a
goccia a goccia ;no;a;goccia;a;Carlino provò a lasciarsi cadere a
goccia a goccia ;no;a;goccia;a;Diventai come un recipiente che venga riempito a
goccia a goccia ;no;a;goccia;a;Il giardiniere versò il latte a
goccia a goccia ;no;a;goccia;a;Quella donna fu sottoposta alla tortura dell'acqua: ne dovette ingurgitare litri e litri, a
goccia a goccia ;no;a;goccia;a;Come nel riempire una caraffa a
goccia a goccia ;no;a;goccia;a;Riprendendo ad avanzare, come attratta da una forza oscura, verso il Santuario, sentì che, a
goccia a goccia ;no;a;goccia;a;il chiarore del giorno penetra a
goccia a goccia ;no;a;goccia;a;Questo verme si nutre del sangue umano, che si procura facendo piccolissimi fori nella mucosa dell'intestino, da cui lascia colare il sangue a
goccia a goccia ;no;a;goccia;a;Ufficialmente non c'è nè soddisfazione nè rammarico, nelle file dello stato maggiore di Alleanza nazionale, in questa serata elettorale in cui dati giungono a
goccia a goccia ;no;a;goccia;a;Più che un ritorno al passato, dunque, occorrerebbero interventi tecnologici adatti a un pianeta globale: ad esempio stimolando investimenti in efficienza attraverso l'irrigazione a
goccia a goccia ;no;a;goccia;a;Per trasformare la nebbia in una sorgente naturale di acqua, bisogna distillarla a
gola a gola;no;a;gola;da;Parlargli di persona, dirgli che non condividevano le scelte di ristrutturazione, che avevano fatto i figli, volevano fissarlo negli occhi smettendola di far passare parola su parola da
gola a gola;no;a;golfo;da;Nel periodo considerato, il criterio di datazione proposto da Harding e Pagan (2002) identifica per la produzione industriale del settore manifatturiero nel suo insieme otto cicli completi (da
golfo a golfo;no;a;golfo;da;Di lassù si possiede un orizzonte largo, da
gomito a gomito;no;a;gomito;a;Così ci siamo attrezzati con un nostro ufficio in un palazzo accanto, dove lavorano a
gomito a gomito;no;a;gomito;a;Nelle strade affollate, sacerdoti dalle vesti risplendenti passeggiavano tranquilli a
gomito a gomito;no;a;gomito;a;Da Ferrara saliranno sulle Alpi un centinaio di rappresentanti delle forze di polizia civili e militari del territorio, che ancora una volta si troveranno a
gommista a gommista;no;a;gommista;da;Ci sono poi gli sconti, abbastanza consistenti, che variano da
governo a governo;no;a;governo;da;È bastato che il governo della Giordania facesse sapere che i fucili erano stati venduti in una transazione ufficiale, da
grado a grado;no;a;grado;a;Onde (suggeriva oltre cent'anni fa Leopardi) la risposta a una forzatura con un ritorno all'indietro, che a
grado a grado;no;a;grado;a;Quando gli uomini muoiono di morte naturale, allorché l'albero dell'umanità si spoglia a
grado a grado;no;a;grado;a;Però ricordatevi che questa malattia non si guarisce subito, ma a
grado a grado;no;a;grado;a;Si infila nelle case e, con quella storia che la malattia si guarisce a
grado a grado;no;a;grado;a;E mentre il terreno smotta (e potrebbe essere un processo lentissimo) sentirebbe che il calore, ovvero il moto che ne consegue, passa a
grado a grado;no;a;grado;a;Il sacerdote sentì crescere la tensione di Micon: le mani torturate gli serrarono le spalle, il nobile volto si fece cinereo, e a
grado a grado;no;a;grado;a;A lungo Domaris rimase immobile davanti alla porta chiusa, mentre la pietà nei suoi occhi a
grado a grado;no;a;grado;a;Il grande globo giallo - arancio salì - in alto, ancora più in alto - e rimase sospeso sul mare increspato, illuminando a
grado a grado;no;a;grado;a;Inoltre, la stretta relazione con MaleinaDeoris apprese tutto ciò lentamente, a
grado a grado;no;a;grado;a;Fu scritto in un'epoca d'infermità e di vanità intellettuale, quando io allettato dalle mollezze dell'ozio andavo perdendo a
gruppo a gruppo;no;a;gruppo;da;Il luogo nel quale viene ricevuta e smistata la merce, varia da
gruppo a gruppo;no;a;gruppo;da;Anche su questo discorso non esistono delle regole fisse e gli ordini variano da
gruppo a gruppo;no;a;gruppo;da;Esso viene vissuto e ritualizzato in maniera diversa da
gruppo a gruppo;no;a;gruppo;da;Ma a queste si ricollegano per la forma di vita comunitaria, le promesse di povertà, castità e obbedienza, la lettura parziale e variante da
gruppo a gruppo;no;a;gruppo;da;Janette Wenrick Boughman, zoologa dell'Università del Maryland, ha esaminato la struttura di questi versi e ha scoperto che i richiami differiscono da
idea a idea;no;a;idea;da;Una simile dialettica (o passaggio da
identità a identità;no;a;identità;luogo;Nella risposta destinata a fornire l ' alibi si contrappone luogo a luogo ,
immagine a immagine;no;a;immagine;da;Mi interessava l'espressione di molti invitati, che passavano da
immobile a immobile;no;a;immobile;da;In molti comuni le aliquote cambiano da
individuo a individuo;no;a;individuo;da;I ricordi che un adulto ha della propria vita infantile sono variabili da
individuo a individuo;no;a;individuo;da;Tali percezioni e spiegazioni differiscono da
individuo a individuo;no;a;individuo;da;Questi caratteri sono variabili da
individuo a individuo;no;a;individuo;da;Come precisano i ricercatori, la soglia di sensibilità alla sofferenza varia da
individuo a individuo;no;a;individuo;da;Un ruolo significativo potrebbe essere giocato dalle cellule staminali, che sono diverse da
individuo a individuo;no;a;individuo;da;Il coniglio inoltre è un animale sensibile, intelligente, vivace, affettuoso e con una sua personalità, diversa da
individuo a individuo;no;a;individuo;da;La Cosmides e Tooby hanno congetturato che le variazioni genetiche da
individuo a individuo;no;a;individuo;da;La mancanza di equilibrio tra le due culture, umanistica e scientifica, ha rallentato in passato la trasmissione del sapere da
individuo a individuo;no;a;individuo;da;Di conseguenza, mentre il modo di guardare una immagine ferma varia molto da
individuo a individuo;no;a;individuo;da;La concentrazione di stronzio 90 nello scheletro umano varia molto da luogo a luogo e da
individuo a individuo;no;a;individuo;da;Se la razza è in genere un buon indicatore della natura dell'intelligenza istintiva del cane, l'intelligenza adattiva dipende da
individuo a individuo;no;a;individuo;da;Oltre al livello evolutivo della coscienza, chiaramente il contenuto del dramma emotivo che essa abbraccia varia da
individuo a individuo;no;a;individuo;da;Anche l'ampiezza e la profondità dello sviluppo mentale variano considerevolmente da
individuo a individuo;no;a;individuo;da;Meglio provarli qualche settimana prima della partenza definitiva, per valutarne le dosi e gli effetti, che possono variare da
individuo a individuo;no;a;individuo;da;La reazione all'alcol varia molto da
individuo a individuo;no;a;individuo;da;"È probabile che il desiderio di ""fare il papà"" vari da"
individuo a individuo;no;a;individuo;da;La sensibilità all'alcool varia molto da
individuo a individuo;no;a;individuo;da;Gli attacchi di panico - spiega Scapicchio - durano pochi minuti e la loro frequenza varia da
individuo a individuo;no;a;individuo;da;Alcune variabili, come temperatura dell'aria, appetito e livello di vigilanza oscillano durante il giorno da
individuo a individuo;no;a;individuo;da;Tenete presente che il ritmo con cui si dimagrisce varia da
individuo a individuo;no;a;individuo;da;Zika è un virus che si trasmette da
individuo ad individuo;no;a;individuo;da;Le percentuali su esposte variano lievemente da
inquadratura a inquadratura;no;a;inquadratura;da;Raramente i casi reali di compressione sono così semplici: anche un'unica inquadratura di un cielo blu include sottili variazioni di colore e i colori cambieranno da
intenditore a intenditore;no;a;intenditore;da;Il rapporto tra gin e vermouth varia da
isola a isola;no;a;isola;navigante;"Naturalmente tale ago risultò di enorme utilità per i naviganti
isola a isola;no;a;isola;amico;"Siamo isole in un mare di indifferenza, caro amico
istituto a istituto;no;a;istituto;da;O ancora, alla somma, alla media o al rapporto tra più parametri viene aggiunto uno spread percentuale variabile da
istituto a istituto;no;a;istituto;da;Riguardo ad altri fattori, e cioè ai servizi aggiuntivi, le condizioni possono variare da
istituto a istituto;no;a;istituto;da;Relativamente alle spese bisogna informarsi direttamente alla banca, facendo molta attenzione (possono variare sensibilmente da
labbra a labbra;no;a;labbra;accostare;Il massimo ardimento fu accostare
laboratorio a laboratorio;no;a;laboratorio;da;I risultati, però, sono condizionati dal tipo di reagente utilizzato per il test, che varia da
lato a lato;no;a;lato;da;Sulla parete di fronte al letto, nel colore turchino, spiccava solo l'enorme croce nera, da
lavoro a lavoro;no;a;lavoro;aggiungere;Da quel momento mia madre cominciò a desiderare che ciò potesse accadere, e pagò sempre in proprio, aggiungendo
legge a legge;no;a;legge;carta;Aveva opposto carte a carte,
legume a legume;no;a;legume;da;I tempi di cottura variano da
lezione a lezione;no;a;lezione;da;Ho usato la lametta mentre ero ubriaca, ma era da tempo che pensavo di farlo, e in tutto quel periodo non vivevo ma passavo da
libro a libro;no;a;libro;da;Il Corpus Hermeticum, essendo una compilazione, contiene idee che spesso si contraddicono da
libro a libro;no;a;libro;da;Insomma, un autore che sapeva descrivere senza errori da
lingua a lingua;no;a;lingua;da;Quando i prestiti avvengono da
linguaggio a linguaggio;no;a;linguaggio;da;Al di là di quelle che sono le regole standard (che differiscono da
luogo a luogo;no;a;luogo;contrapporre;Nella risposta destinata a fornire l'alibi si contrappone
luogo a luogo;no;a;luogo;da;Le leggi al riguardo variano da
luogo a luogo;no;a;luogo;da;Lo sviluppo non procede infatti secondo un modello unico ma segue piuttosto traiettorie e modelli diversi da
luogo a luogo;no;a;luogo;da;Nel mondo reale i diritti naturali sono molto diversi da
luogo a luogo;no;a;luogo;da;Lo spessore dei ghiacci, misurato con metodi geofisici, varia notevolmente da
malattia a malattia;no;a;malattia;da;La presenza di tessuti dalla stessa orditura attraverso l'organismo consente di leggere da
malumore a malumore;no;a;malumore;aggiungere;Tanto più che questo improvviso e contestato trasferimento della distribuzione aggiunge
mansarda a mansarda;no;a;mansarda;da;Io e l'avvocato, viceversa, seguiamo la via interna, più segreta, da
marca a marca;no;a;marca;da;Ma la situazione varia molto da
marca a marca;no;a;marca;da;Abbiamo anche indicato nella tabella le dimensioni interne perché possono variare da
mare a mare;no;a;mare;da;E solo per dare ai prodotti delle ferriere uno sfogo anche sullo Ionio fu progettata la bretella che attraversa da
massacri a massacri;no;a;massacri;aggiungere;Sottintendeva: ne abbiamo abbastanza di questi generali che aggiungono
materia a materia;no;a;materia;da;Ad esempio, la misura in cui le Ict vengono utilizzate come strumento per insegnare altre discipline varia enormemente da
materiale a materiale;no;a;materiale;da;Meno diffusa è la conoscenza dell'entità del fenomeno e del fatto che questo varia da
materiale a materiale;no;a;materiale;magnetismo;"Fu il francese Pierre Curie (1859-1906) a scoprire che il calore disperde il magnetismo
mattone a mattone;no;a;mattone;da;n questi casi l'intensità dell'urto non era determinante, bastava scuotere l'edificio una sola volta e le vibrazioni si propagavano con incredibile leggerezza e rapidità da
menzogne a menzogne;no;a;menzogne;aggiungere;In fondo conosceva il giovane da sempre e ben volentieri lo avrebbe accolto come genero, ma che la finisse di aggiungere
mezzanotte a mezzanotte;no;a;mezzanotte;da;C'era sempre il sole a picco mentre il campanile suonava a compieta (siamo all'Ultima Thule, commentava Belbo tra i denti, sole per sei mesi, da
ministero a ministero;no;a;ministero;da;Naturalmente il fenomeno rivela un andamento discontinuo da
miracolo a miracolo;no;a;miracolo;Gerusalemme;"Perciò essi tornano a vederla uscendo da Gerusalemme
miseria a miseria;no;a;miseria;tanto;È inutile e crudele aggiungere più di tanto
mistero a mistero;no;a;mistero;aggiungere;Due elementi, ritornati fino a noi dalla profondità del tempo insieme a Oetzi e alle sue povere cose, forse spiegano in parte la sua fine, forse aggiungono
mistero a mistero;no;a;mistero;aggiungere;"Nel comunicato con cui annuncia l'operazione, infatti, Interbanca sottolinea che la società ""fa riferimento a un medio gruppo industriale italiano"", mantenendo segreto il suo nome e aggiungendo"
miti a miti;no;a;miti;nome;Si tratta di sostituire nomi a nomi,
muso a muso;no;a;muso;a;La sua resistenza ci portò a
nascita a nascita;no;a;nascita;da;"La parca (""vecchia donna in questa vecchia casa"") che cuce, non a caso, la vita da"
nazione a nazione;no;a;nazione;da;Secondo, perché ci si deve aspettare che l'impatto dell'impiego materno vari molto da
nazione a nazione;no;a;nazione;da;All'inizio del XIX secolo lo stile si differenzia da
neonato a neonato;no;a;neonato;da;Il piccolo deve mangiare quel tanto che lo faccia crescere di almeno 200 gr. per settimana, per tutto il primo trimestre di vita, e tale quantità sarà differente da
neurone a neurone;no;a;neurone;imprimere;"Solo i nomi mi rimangono impressi
neurone a neurone;no;a;neurone;da;Questi sono le sostanze chimiche che trasmettono il messaggio nervoso da
oggetto a oggetto;no;a;oggetto;da;Quindi, accanto al riciclo meccanico (da
ombra a ombra;no;a;ombra;da;La luce brillava nei loro capelli a ogni passaggio da
opera a opera;no;a;opera;da;Certo, ed è persino superfluo ricordarlo, l'orchestrazione del dialogato conosce modulazioni plurime, variando da autore a autore, da
orecchio a orecchio;no;a;orecchio;da;Marco sperava di trovarvi anche lei ma, come gli chiarì in modo sgarbato quel viscido tappetto cicciottello, sudaticcio e con un riporto da
orecchio a orecchio;no;a;orecchio;da;Ben si voltò indietro e guardò la ragazza sfoggiando un sorriso da
orecchio a orecchio;no;a;orecchio;da;Un taglio praticato sotto il mento, da
orecchio a orecchio;no;a;orecchio;da;Gli disegnai una faccia tonda con un sorriso che andava da
orecchio a orecchio;no;a;orecchio;da;Mi ci piazzavo davanti, lo fissavo, stiravo un sorriso plastico da
orecchio a orecchio;no;a;orecchio;da;Accanto a noi c'era un ometto stilizzato con una faccia tonda e un sorriso da
orecchio a orecchio;no;a;orecchio;da;Un uomo di mezza età, con un indescrivibile riporto di capelli da
orecchio a orecchio;no;a;orecchio;da;Viveva sulle rive dei fiumi della Patagonia, aveva una testa di leone «con qualcosa di umano», una corta barba da
orecchio ad orecchio;no;a;orecchio;da;Rappresentò il volto della donna con un tatuaggio reso dalla combinazione di tre linee brevi orizzontali alternate a tre linee brevi verticali: il tutto dalla fronte al mento e da
organo a organo;no;a;organo;da;Nelle piante superiori la velocità di accrescimento varia invece da
orizzonte a orizzonte;no;a;orizzonte;da;Cominciò a nevicare a larghe falde, che danzavano con il vento e stendevano una coltre bianca sulla terra da
ospedale a ospedale;no;a;ospedale;da;Il tempo a disposizione varia da
ospedale a ospedale;no;a;ospedale;da;Il rischio di aborto è intorno all'1% per entrambi gli esami, ma le percentuali variano da
osservazione ad osservazione;no;a;osservazione;pensiero;Di solito, allora, si sdraiava sul canapè del suo ufficio - non poteva più lasciare il suo ufficio senza essersi riposato un'ora sul canapè - e collegava nel pensiero
paese a paese;no;a;paese;da;Le restrizioni sull'esportazione variano da
paese a paese;no;a;paese;da;E infatti vi sono ancora differenze profonde da
paese a paese;no;a;paese;da;Il primo è una dialettizzazione dell'inglese, ossia la nascita e la crescita di forme di inglese diverso da
paese a paese;no;a;paese;da;Inoltre ha effetti negativi sulle possibilità di conseguire determinati obiettivi se essi sono graduati su scale di priorità diverse da
paese a paese;no;a;paese;da;Sempre nell'ambito dei paesi industrializzati, il ricordato aumento della crescita reale derivante dai processi di innovazione tecnologica e di globalizzazione si è riflesso sull'occupazione in modo diverso da
paese a paese;no;a;paese;da;La documentazione richiesta e gli aventi diritto variano da
paese a paese;no;a;paese;da;Tuttavia, l'interesse di mercato varia da
paese a paese;no;a;paese;da;Anche per quanto riguarda gli strumenti diretti dell'azione fascista sulle comunità italiane all'estero la situazione diverge enormemente da
paese a paese;no;a;paese;da;Secondo lei, la strana caratteristica di questi decessi, e cioè il fatto che le morti si sono susseguite da
paese a paese;no;a;paese;da;L'entrata in vigore delle nuove normative Ue impone infatti la conservazione di tutti i messaggi di posta elettronica per un tempo definito, che varia da
paese a paese;no;a;paese;da;Non di meno, indipendentemente dall'ambito di validità delle licenze, (...) le preferenze dei telespettatori possono variare notevolmente da
paese a paese;no;a;paese;da;Le relazioni extramatrimoniali sono piene di sfumature culturali, che variano da
paese a paese;no;a;paese;da;Se si sostiene un concetto soggettivo di salute, è accettabile che i criteri della sperimentazione umana varino da
paese a paese;no;a;paese;da;Il contributo della mutualità al finanziamento dell'assicurazione di disoccupazione è variabile da
paese a paese;no;a;paese;da;La base di riferimento per il calcolo dei contributi da accreditare è diversa da
paese a paese;no;a;paese;da;Il livello di istruzione dei genitori, invece, ha un effetto sul reddito dei figli variabile da
paese a paese;no;a;paese;da;Essa può assumere valenze parzialmente diverse da
paese a paese;no;a;paese;da;Probabilmente le ragioni che producono alti consensi sui temi della vita più semplice e naturale o della minore importanza data al denaro, sono diverse da
paese a paese;no;a;paese;da;L'entità di questa differenza varia da
paese a paese;no;a;paese;da;"In effetti il significato delle parole ""edizione"" e ""libro"" differiscono non soltanto da continente a continente, ma anche da"
paese a paese;no;a;paese;da;Mentre la forma e il livello esatti di oneri a carico del beneficiario varia considerevolmente da
paese a paese;no;a;paese;da;In Europa centrale e orientale e nei Nuovi Stati Indipendenti è stato definito il quadro giuridico necessario, anche se la qualità e le prestazioni delle autorità di regolamentazione differiscono da
paese a paese;no;a;paese;da;Tuttavia questi tassi di infezione da HIV variano notevolmente da
paese a paese;no;a;paese;da;Nella UE il settore dei trasporti genera il 4,1 % del valore aggiunto totale, con notevoli differenze da
paese a paese;no;a;paese;da;Poi c'è il fondamentalismo: diverso da
paese a paese;no;a;paese;da;Tutta la storia è, ovviamente, molto più complessa e varia da
paese a paese;no;a;paese;da;Poi spetta alle leggi, che variano da
paese a paese;no;a;paese;industriale;"La disorganizzazione all'interno delle grandi organizzazioni è comune a tutte le democrazie industriali
paese a paese;no;a;paese;da;È una delle voci più carenti del foglietto, anche perché sono state riscontrate indicazioni diverse da
paese a paese;no;a;paese;da;I vari uffici di collocamento offrono servizi diversi da
palmo a palmo;no;a;palmo;a;Ciò non è avvenuto: per cinque anni il centrosinistra ha combattuto a
palmo a palmo;no;a;palmo;a;Will e Nancy setacciarono di nuovo l'appartamento a
palmo a palmo;no;a;palmo;a;Stupita, scopriva la forma nuova e sorprendente del corpo del suo amico, il calore, il gusto, l'aroma, lo esplorava conquistandolo a
palo a palo;no;a;palo;da;Adesso l'uomo scendeva dal palo in terra, saliva da terra al palo, passava da
parete a parete;no;a;parete;da;Un'attenzione particolare merita il letto, realizzato su disegno del progettista: è un piano in legno (pioppo bordato in massello di rovere) agganciato a una putrella di ferro che corre da
parete a parete;no;a;parete;da;Fu allora che i suoi piedi inciamparono in un filo sottile, teso da
parete a parete;no;a;parete;da;Aveva già costruito la stazione, un villaggio di casette di legno, alberi di cartone e un ambiente di colline e tunnel in miniatura che si stendeva da
pastore a pastore;no;a;pastore;da;Quindi, la Chiesa nascente ha vissuto l'unità inscindibile del deposito rivelato, trasmesso da
paziente a paziente;no;a;paziente;da;Le risposte al farmaco variano da
paziente a paziente;no;a;paziente;da;L'entità di queste alterazioni varia in misura notevole da
paziente a paziente;no;a;paziente;da;L'ampiezza di effetti collaterali varia molto da
paziente a paziente;no;a;paziente;da;L'emicrania si presenta, clinicamente, in modo eterogeneo: la frequenza, la durata e la gravità degli attacchi varia notevolmente da
paziente a paziente;no;a;paziente;da;Sebbene le modalità d'esordio e il decorso clinico siano diversi da
paziente a paziente;no;a;paziente;da;Il recupero totale dall'intervento di cataratta, normalmente, avviene nel giro di 8 settimane, benché possa comunque esservi una certa variabilità da
periodo a periodo;no;a;periodo;da;Interessanti, poi, gli articoli di fine serie, scontatissimi, che varieranno da
persona a persona;no;a;persona;da;Ma ormai è stato appurato con notevole certezza che il funzionamento dei sensi, e quindi anche l'esperienza sensoriale, varia da
persona a persona;no;a;persona;da;Il virus della nuova influenza A si trasmette come una normale influenza stagionale, da
persona a persona;no;a;persona;da;La rete delle connessioni tra le cellule cerebrali cambia da
persona a persona;no;a;persona;da;La ferocia funziona se si propaga come un contagio, di bocca in bocca, da
persona a persona;no;a;persona;da;Già, perché l'orecchio è come un'impronta digitale: la sua dimensione, la sua forma, la sua curvatura, cambiano da
persona a persona;no;a;persona;da;L'anno scorso i pagamenti da
persona a persona;no;a;persona;da;Naturalmente si tratta di valori approssimativi, perché i fattori che possono influire sull'aumento di peso variano da
persona a persona;no;a;persona;da;La malattia, infatti, ha un peggioramento progressivo, in media nell'arco di dieci anni, ma la rapidità con cui i sintomi evolvono varia molto da
persona a persona;no;a;persona;da;La durata della terapia però varia molto da
persona a persona;no;a;persona;da;"Questa ""soglia di diversità"", come chiamiamo il punto di svolta, può differire da"
persona a persona;no;a;persona;da;Il cancro è una malattia complessa, che deriva da molti fattori interagenti, presumibilmente diversi da
persona a persona;no;a;persona;da;Il senso della realtà è una costruzione del singolo individuo ed assume connotati personali, che differiscono da
persona a persona;no;a;persona;da;Dato che il dosaggio varia da
persona a persona;no;a;persona;da;Per alcune malattie genetiche esiste una cura ma, di nuovo, questa può variare da
persona a persona;no;a;persona;da;La sessualità, nella quale si manifesta l'appartenenza dell'uomo al mondo materiale e biologico, diventa personale e veramente umana allorché è integrata nella relazione da
persona a persona;no;a;persona;da;Ma è necessario aggiungere che l'efficacia dei diversi farmaci può variare da
persona a persona;no;a;persona;da;Oltre alla tubercolosi altri agenti infettivi provenienti dalle vie respiratorie, quali streptococchi o meningococchi, potrebbero passare da un individuo all'altro mediante contatto diretto da
persona a persona;no;a;persona;da;E ciò non è più altro che una relazione da
persona a persona;no;a;persona;da;Sotto l'etichetta di malattia celiaca potrebbero esserci condizioni diverse con un unico comune denominatore (atrofia della mucosa intestinale), ma modi e tempi in cui si manifesta variano da
persona a persona;no;a;persona;da;In qualche caso era richiesto l'uso di droghe, che inducevano sogni ed incubi, diversi da
persona a persona;no;a;persona;da;Poiché le esperienze emotive formative attraverso le quali si sviluppa la mente variano moltissimo da
persona a persona;no;a;persona;da;Le zone del corpo più sensibili alle carezze sono in molti casi soggettive e variano da
persona a persona;no;a;persona;da;La velocità con la quale i chemioterapici distruggono le cellule cancerose varia molto da
persona a persona;no;a;persona;da;È molto infettante ma mutate le condizioni, ossia con temperature più elevate e misure di contenimento e mitigazione, farà più fatica a trasferirsi da
persona a persona;no;a;persona;da;È, questo, il bisogno di realizzazione personale, che assume forme diverse da
persona a persona;no;a;persona;da;La notizia indegna passava da
persona a persona;no;a;persona;da;È una malattia della mezza età e della vecchiaia, nel corso della quale aumenta di molto il numero dei linfociti, ed il suo andamento varia molto da
persona a persona;no;a;persona;da;Invece da noi è possibile che un virus o un germe si possa trasmettere da
persona a persona;no;a;persona;da;"È qui che si applica la nozione di ""contingenza"": è una cosa vostra, connessa con la vostra esperienza, relativa a eventi che variano da"
persona a persona;no;a;persona;da;L'eccitazione e il piacere sono composte da mille sensazioni diverse e arricchite da aspetti psicologici che variano da
pesce a pesce;no;a;pesce;da;La moltitudine dei tipi di pesci esige sistemi nutritivi diversi e anche il modo di cibarsi differisce da
piani a piani;no;a;piani;primo;Le due telecamere alternavano primi
piastrella a piastrella;no;a;piastrella;da;Il disegno sulle piastrelle era costituito da due pali telegrafici i cui fili si univano, da
piazza a piazza;no;a;piazza;da;E invece il nostro settore è diventato un far west: regole diverse da
pigmento a pigmento;no;a;pigmento;da;La macinazione permette l'ulteriore riduzione nelle dimensioni degli agglomerati di pigmento: la raffinazione varia da
pigrizia a pigrizia;no;a;pigrizia;aggiungere;Questo tipo di promozione impoverisce ulteriormente il prodotto - giornale, perché può aggiungere
polo a polo;no;a;polo;da;Se potessimo penetrar con l'occhio e vedere l'interno della terra, da
popolo a popolo;no;a;popolo;morale;"Come precisa a tale proposito Croce, ""l'assolutezza dell'attività morale non esclude, anzi include, il variare degli atti morali
porta a porta;no;a;porta;da;Suvereto ha una strada centrale da
porta a porta;no;a;porta;da;Per diversi mesi si è visto, alla Tv, un signore che, con la borsa della spesa, passa da
porta a porta;no;a;porta;da;Mangiarono una sola castagna a testa e ne vendettero il rimanente da
porta a porta;no;a;porta;da;I plateali schiamazzi di Cesare Maldini, le urla scomposte di Marco Tardelli, così diverse e lontane da quelle del leggendario Bernabeu, hanno scandito l'inutile processione da
porta a porta;no;a;porta;da;Sulla ribattuta della difesa, la palla giunge a Orlandini che, incredulo, può involarsi da
porta a porta;no;a;porta;a;"In particolare si sta mettendo a punto la raccolta differenziata mista che prevede un intervento definito "" a"
portone a portone;no;a;portone;da;E ricominciava a picchiare i pugni sul legno, passando da
potenza a potenza;no;a;potenza;da;La pretesa delle BR di ottenere aiuti senza pagare contropartite può apparire assurda in quanto addirittura travalica il concetto, già velleitario, di rapporto da
potere a potere;no;a;potere;sommare;"L'apertura verso l'elettronica può essere pensata nell'ambito di quelle endiadi ""Arte & Non Arte"", meglio ""Avventure & Cultura"", che sommano"
predicatore a predicatore;no;a;predicatore;da;Si tratta di racconti ripetuti da
problemi a problemi;no;a;problemi;aggiungere;Non poteva però, in quelle condizioni, aggiungere
prodotto a prodotto;no;a;prodotto;da;Un'analisi di questo tipo non poteva prescindere dal software fornito in bundle, variabile da
prodotto a prodotto;no;a;prodotto;da;La durata dell'azione contraccettiva è anch'essa variabile da
prodotto a prodotto;no;a;prodotto;da;Anche volendo considerare il solo olio di oliva, la composizione esatta varia da
produttore a produttore;no;a;produttore;da;È un formaggio alpino, il cui ingrediente principale è il latte intero ma con un'aggiunta di erbe o spezie, aggiunte in proporzioni ed assortimenti variabili da
proprietà a proprietà;no;a;proprietà;vecchio;Se passerà l'operazione Integritas-Palermo, valutata nell'ordine di 200 milioni di euro, è prevedibile una moltiplicazione di transazioni dalle vecchie
protesi a protesi;no;a;protesi;aggiungere;I suoi erano repulisti al contrario: invece di ridurre all'osso, aggiungeva
provincia a provincia;no;a;provincia;da;La parte più sostanziosa della domanda regionale di alloggi è garantita da chi si trasferisce da un'altra regione o da
provincia a provincia;no;a;provincia;da;Ma si provi a immaginare un Paese in cui le norme antinquinamento differiscano da zona a zona, da
provincia a provincia;no;a;provincia;da;Secondo i risultati della ricerca le scelte imprenditoriali si differenziano da
provincia a provincia;no;a;provincia;da;Le graduatorie formulate dai provveditorati, tuttavia, potranno comportare vistose differenze di età anagrafica dei pensionati, da
provincia a provincia;no;a;provincia;da;I metodi di campionamento degli appartamenti finora sono disomogenei da
punto a punto;no;a;punto;da;L'ATM crea una connessione da
punto a punto;no;a;punto;da;I nuovi sistemi di trasmissione a distanza si differenziano dai precedenti - telegrafo e telefono - perché non costituiscono un legame da
punto a punto;no;a;punto;da;Il computer può trattare frasi che arrivino a un massimo di 1500 caratteri da
punto a punto;no;a;punto;da;Al contrario nel Tipo C, dove il pino domestico è stato seminato in maniera andante e a integrazione di nuclei di latifoglie preesistenti, con conseguente maggiore variabilità da
punto a punto;no;a;punto;da;Dev'essere ristudiato il Radiobus «classico», ché la formula da
punto a punto;no;a;punto;da;Il confronto del dato sperimentale con quello calcolato consente di tracciare mappe di variazione da
punto a punto;no;a;punto;da;Dopo essersi sentito soddisfatto del numero dei puntini, il ragazzo univa il tutto in una sola linea, da
punto a punto;no;a;punto;da;Stanno, invece, in un continuum dove tutte le interazioni si propagano da
punto a punto;no;a;punto;da;Oggi ci rendiamo conto che la critica faradayana alla nozione di particella, inquanto scaturisce da una fisica del continuum dove le interazioni agiscono da
punto a punto;no;a;punto;da;Tra le singolarità c'è un agglomerato di linee di forza variamente incurvate da
pustola a pustola;no;a;pustola;da;Sembrerà assurdo ma il movimento anti-vaccinista è nato ancor prima della vaccinazione, durante la variolazione, ovvero il passaggio del vaiolo da
quadro a quadro;no;a;quadro;da;Il fondo tonale della luce dei colori si rassomiglia da
quartiere a quartiere;no;a;quartiere;da;Ecco come varia nel dettaglio il mercato immobiliare da
quercia a quercia;no;a;quercia;da;Immaginando di tradurre le tinte in suoni, si sentirebbe il gemito del popolo delle foreste, un'eco straziante che si propaga da acero a acero, da
ragazzo a ragazzo;no;a;ragazzo;da;In Danimarca, un insegnante ha iniziato una forma di aiuto da
ramo a ramo;no;a;ramo;da;Sulle polizze nuove le provvigioni variano da
razza a razza;no;a;razza;da;Tra gli animali, cani ed equini sono poi di gran lunga più acclimabili di ovini e bovini, la cui adattabilità differisce da
regione a regione;no;a;regione;da;Bisogna poi contrastare la regionalizzazione della scuola, che può portare a squilibri formativi da
regione a regione;no;a;regione;da;Anche in questo caso i siti sono molto diversi da
regione a regione;no;a;regione;da;Pochi sanno che in Italia ci sono regole ben precise, che cambiano anche da
regione a regione;no;a;regione;da;I primi riscontri parlano di un calo tendenziale del 15% con caratteristiche che però variano da
regione a regione;no;a;regione;da;Ed è dietro questi banchi che si possono intravedere le differenze più interessanti da
regione a regione;no;a;regione;da;Schmidt, il colto, il brillante, il futurista, aveva stupito il mondo con le sue carte geografiche, con le sue linee tracciate da
regione a regione;no;a;regione;da;Tutti gli esperti sentiti da Panorama ripetono e sottolineano che la situazione, sia sul piano del lavoro che su quello del reddito, varia molto da
regione a regione;no;a;regione;da;La distribuzione degli anziani, in particolare, risulta fortemente variabile da
regione a regione;no;a;regione;da;Imposta che, sempre a livello medio, presenta un'oscillazione molto elevata da
regione a regione;no;a;regione;da;I prezzi delle spiagge variano molto da
regione a regione;no;a;regione;da;Questi limiti sono stati fissati in modo diverso da
regione a regione;no;a;regione;da;Il quadro non è ancora completo in quanto la situazione è in fase di definizione e varia da
regione a regione;no;a;regione;da;I bandi di concorso e i programmi sono diversi da
regione a regione;no;a;regione;da;"Il fenomeno è presente in tutta la Penisola, anche se il suo ""peso"" e la sua pericolosità variano da"
regione a regione;no;a;regione;da;La retribuzione mensile minima di un giardiniere può variare sensibilmente da
regione a regione;no;a;regione;da;È un processo che certamente penalizza il Sud, anche se bisogna tenere conto di forti differenze da
regione a regione;no;a;regione;da;Con le limitazioni in termini di trasferte e spostamenti da
regione a regione;no;a;regione;da;Di conseguenza, il Ministero, in assenza di questi indirizzi, opera rispetto ai piani paesaggistici delle regioni «caso per caso, attingendo ad una discrezionalità insondabile, in forma disomogenea e contrastante da
regione a regione;no;a;regione;da;Va detto che, anche nel caso del turismo, la situazione varia moltissimo da
ricetta a ricetta;no;a;ricetta;da;Se vi prendete la briga di leggere le ricette per la meringa italiana su qualche libro di pasticceria straniero, troverete che la temperatura dello sciroppo di zucchero varia da
riforma a riforma;no;a;riforma;da;Gli anni 90 sembrano così destinati a consumarsi in continue rincorse da
ruolo a ruolo;no;a;ruolo;da;Analogamente può essere trasferito da categoria a categoria e da specialità a specialità il sottufficiale e il volontario in congedo della Marina militare, da
scandalo a scandalo;no;a;scandalo;aggiungere;"Per il verde Marco Boato ""il congresso Usa aggiunge"
scienziato a scienziato;no;a;scienziato;da;L'interpretazione di una teoria, diversa da
scuola a scuola;no;a;scuola;da;In questo modo si eliminerebbero anche le disparità esistenti nella qualità dell'istruzione fornita da
sede a sede;no;a;sede;da;Le modalità variano da corso a corso e da
sede a sede;no;a;sede;da;Il numero di impiegati all'estero è più o meno lo stesso dai tempi dell'indagine precedente, ma varia da
seduta a seduta;no;a;seduta;da;Per evitare i brogli del 1992, quando nell'urna apparvero più schede dei votanti, saranno utilizzati fogli colorati, diversi da
sergente a sergente;no;a;sergente;da;I periodi minimi di attribuzioni specifiche, per l'avanzamento dei sergenti dell'Aeronautica militare, da
settimana a settimana;no;a;settimana;da;Si verifica volatilità durante l'anno da
settore a settore;no;a;settore;da;Il rapporto prezzo utili varia significativamente da
settore a settore;no;a;settore;da;La velocità di diffusione e la profondità di tale processo di cambiamento potrà forse variare da realtà a realtà, da
settore a settore;no;a;settore;da;Pur con qualche differenza da
sillaba a sillaba;no;a;sillaba;congiungere;Sei tu, Signore, l'anima delle parole, il filo d'oro che congiunge
sinistra a sinistra;no;a;sinistra;uno;Se mancò in Italia fino al 1968 una
sinistra a sinistra;no;a;sinistra;del;Gli otto referendum - che potevano essere un primo banco di prova per l'unità della
sito a sito;no;a;sito;da;I dati di riferimento variavano da
situazione a situazione;no;a;situazione;da;Ray si rendeva perfettamente conto che le esigenze e i rapporti di forza variano da
situazione a situazione;no;a;situazione;da;Questo modellamento, però, non può che essere diversificato da
situazione a situazione;no;a;situazione;da;Il peso di Rifondazione comunista è diverso da
smentita a smentita;no;a;smentita;sommare;Ma il giornalista ha confermato la bontà della notizia, sommando
soddisfazioni a soddisfazioni;no;a;soddisfazioni;aggiungere;All'ambizioso Snezhnevskij, vincente sul piano scientifico e prono servitore del regime, la carriera politico - professionale non fece che aggiungere
sofferenza a sofferenza;no;a;sofferenza;aggiungere;Mi rendo conto di aggiungere
sofferenza a sofferenza;no;a;sofferenza;aggiungere;Una vicenda inconcepibile - commenta Andrea Amato, segretario del Cub -, che aggiunge
soggetto a soggetto;no;a;soggetto;da;Ciò significa che esiste un rischio individuale di danno sul fegato da parte dell'alcol, che varia molto da
soggetto a soggetto;no;a;soggetto;da;Finora, il Dr. Biller e gli altri esperti non son stati in grado d'identificare il motivo per cui la malattia progredisce a ritmo così variabile da
soggetto a soggetto;no;a;soggetto;da;Il periodo di gestazione varia da
soggetto a soggetto;no;a;soggetto;da;La sua genesi è molteplice, o almeno può variare da
soggetto a soggetto;no;a;soggetto;da;Una considerazione importante è che in entrambe le forme i sintomi, che vengono riferiti all'esposizione EM, sono molto variabili da
soggetto a soggetto;no;a;soggetto;da;Le caratteristiche cliniche della malattia possono variare notevolmente da
soggetto a soggetto;no;a;soggetto;da;L'effetto clinico della singola dose si manifesta con una latenza e una durata molto variabile da
soggetto a soggetto;no;a;soggetto;da;Va comunque tenuto presente che dopo lo scongelamento il recupero è ridotto di una percentuale di vitalità e qualità che varia da
soggetto a soggetto;no;a;soggetto;da;Ciò significa che esiste un rischio individuale di danno sul fegato da parte dell'alcol, che varia molto da
soggetto a soggetto;no;a;soggetto;da;La scelta dei mapuche si concretizza in un dato momento - anche biografico perché scelta anche individuale - che risponde a intime esigenze che saranno diverse da
soggetto a soggetto;no;a;soggetto;da;I segni clinici, la cui intensità varia da
soia a soia;no;a;soia;suo;Nel frattempo, al fine di evitare che un'accusa simile venga fatta ancora, Troy ha preso una decisione radicale: di piantare ciascun acro della sua
sole a sole;no;a;sole;da;Passavamo i giorni e i mesi marciando nelle selve da
sorpresa a sorpresa;no;a;sorpresa;aggiungere;"Era passata automaticamente dal ""lei"" al ""tu"", e questo aggiunse"
sovrano a sovrano;no;a;sovrano;da;L'esito dello scontro è stato quello che gli dei hanno deciso, ma mi rivolgo a te da
spalla a spalla;no;a;spalla;a;Pazzia, avanguardia, eroismo, tutti e tre allo sbaraglio senza saperlo: ognuno crede in un suo fantasma eccezionale: crede e opera al di fuori del branco: gli altri, a
spalla a spalla;no;a;spalla;a;Nessuno osava spingersi avanti da solo, piuttosto qualcuno, nel serrare a
spalla a spalla;no;a;spalla;a;Quando il primo se ne accorge, non approfitta del vantaggio per caricare il contendente al fianco - lo avrebbe facilmente abbattuto -, lo raggiunge invece per riallinearsi a
sparo a sparo;no;a;sparo;da;Sfortunatamente, il moto ondoso influisce negativamente sulla profondità di sparo, causando interferenze nella bolla in espansione, che possono provocare variazioni dell'impulso generato da
sparo a sparo;no;a;sparo;da;Tale manualità, chiaramente, può variare da
specie a specie;no;a;specie;da;Il periodo di gestazione varia da
specie a specie;no;a;specie;da;Alla schiusura il piccolo rompe il guscio con una particolare protuberanza ossea e rimane nel nido sotto la protezione della madre, per un periodo che varia da
specie a specie;no;a;specie;da;Gli occhi e le capacità visive dei rettili variano da
specie a specie;no;a;specie;da;Il capo è dotato di due occhi, due antenne e un apparato boccale che varia da
specie a specie;no;a;specie;da;Essa serve ad umidificare il terreno secondo le esigenze delle piante che variano da
specie a specie;no;a;specie;da;Per esempio, se siete contrari per i motivi più disparati, anche religiosi, a un trasferimento di geni da
splendore a splendore;no;a;splendore;aggiungere;Ma queste fantasie schliemanniane non fanno altro che aggiungere
sponda a sponda;no;a;sponda;da;I numerosi ponti di pietra e di ferro archeggiavano melodie diverse da
sponda a sponda;no;a;sponda;da;Alla deriva sul mare del tempo, il dio solitario vaga da
sport a sport;no;a;sport;da;A prescindere dalle condizioni diverse da
sportello a sportello;no;a;sportello;da;Mai più vedere soggetti che passano da
stagione a stagione;no;a;stagione;da;Pur con evidenti differenze da
stanza a stanza;no;a;stanza;da;A Water, forse non c'è neanche un posto dove non abbia fatto la stessa cosa, da pensione ad albergo, da
stato a stato;no;a;stato;da;Gli effetti, comunque, variano di molto da
stato a stato;no;a;stato;da;Già negli USA la situazione è complessa, perché i professionisti abilitati variano da
stazione a stazione;no;a;stazione;da;Ho voluto seguire il tragitto di due treni da
storia a storia;no;a;storia;da;Il che non è inverosimile perché anzitutto gli autori di fantascienza si leggono tra loro, alcuni temi migrano da
studio a studio;no;a;studio;da;Le cifre, ovviamente, variano da
studioso a studioso;no;a;studioso;da;Le stime variano in modo abissale da
superficie a superficie;no;a;superficie;da;Per il Novecento, il record di vicinanza è già alle nostre spalle e fu stabilito il 4 gennaio 1912, quando tra la Terra e la Luna, da
tedeschi a tedeschi;no;a;tedeschi;di;Un comando particolare, straniero, il comando del nemico, donde «Diktat», aveva vietato l'atteggiamento imperioso del comando militare di
telefono a telefono;no;a;telefono;da;Oltre al roaming, l'altra grande intuizione fu la creazione della carta Sim, con il microprocessore che salva tutti i dati dell'utente, può essere spostata da
tempia a tempia;no;a;tempia;da;Dalla pelata gli scivolano giù delle goccioline minuscole di sudore, vanno a morire sulle sopracciglia folte che lo attraversano da
tempo a tempo;no;a;tempo;a;MENTRE è in arrivo in Tv l'ottava edizione della Piovra, apprendiamo, a
tensione a tensione;no;a;tensione;aggiungere;lo so che ti potrebbe montare l'ansia, però se prosegui così, purtroppo, aggiungi
teorie a teorie;no;a;teorie;mito;Si tratta di sostituire nomi a nomi, miti a miti,
termometro a termometro;no;a;termometro;da;Il tempo di misurazione di solito cambia da
territorio a territorio;no;a;territorio;da;Questo comporta anche la necessità di tecniche di misurazione e analisi differenti da
territorio a territorio;no;a;territorio;da;Ma non avevamo detto che, se la situazione fosse risultata molto diversa da
tessuto a tessuto;no;a;tessuto;da;La distribuzione degli antigeni HLA di classe I o II sulla membrana L'espressione delle molecole HLA sulle cellule dell'organismo varia da
testa a testa;no;a;testa;a;Ma rischiava una sconfitta nella Sud Carolina, lo Stato di John Edwards, che lo precedeva nei sondaggi con il 30 contro il 25 per cento dei voti, e risultava a
testa a testa;no;a;testa;pettine;"Per ottenere le lunghezze desiderate vengono usati giunti a pettine
testa a testa;no;a;testa;a;I primi e gli ultimi della scuola europea restano a
tetto a tetto;no;a;tetto;da;Variata di tono, timbro e altezza come un gioco di foco che s'alzava nell'aria la parola rimbalzò da
tipo a tipo;no;a;tipo;da;Le varie specie da prato richiedono, per attecchire e svilupparsi, condizioni ambientali diverse da
torta a torta;no;a;torta;da;Il giusto equilibrio tra sapore e struttura cambia da
tragedia a tragedia;no;a;tragedia;dolore;Non aggiungete dolore a dolore,
trauma a trauma;no;a;trauma;aggiungere;Racconta un educatore che una volta questo compito veniva delegato, quando andava bene, alle prostitute: una soluzione volonterosa ma sbagliata, che aggiungeva
trave a trave;no;a;trave;da;Eccitate dalla gente, svolazzavano da
ufficio a ufficio;no;a;ufficio;da;L'ombra di Marra, ex finanziere come lui, che lo ha seguito silenzioso nella scalata al Campidoglio, da
uomo a uomo;no;a;uomo;da;Questa doppia infezione potrebbe creare un virus nuovo, trasmissibile da
uomo a uomo;no;a;uomo;da;Così ho inforcato la Chevrolet e girato per mezz'ora fra quei prefabbricati, cercando di capire dove si annidasse il marito: intendevo parlargli da
uomo a uomo;no;a;uomo;da;Al momento risulta che il contagio umano da influenza aviaria avviene con il contatto diretto con animali infetti, non si hanno prove di una trasmissione del virus da
uomo a uomo;no;a;uomo;da;Possiamo avere una conversazione educata, da
uomo a uomo;no;a;uomo;da;Quel pacchetto delle nazionali che offriva grandioso, da
uomo a uomo;no;a;uomo;da;Ora che stai sull'attenti come bisogna starci, parliamo da
uomo a uomo;no;a;uomo;da;La mamma, le gemelle e Claudia andarono in cucina, lasciando Giacomo e Cristiano al loro discorsetto da
uomo a uomo;no;a;uomo;da;Ci siamo stretti con forza, nell'abbraccio da
uomo a uomo;no;a;uomo;da;Volete che vi parli da
uomo a uomo;no;a;uomo;da;Faustino Rivera aveva guardato il suo superiore e ne aveva intuito il pensiero, perché in certe notti di guardia avevano potuto parlare da
uomo a uomo;no;a;uomo;da;Fisher, non ho mai avuto modo di parlarti, da
uomo a uomo;no;a;uomo;da;Poi smise di correre e mi salutò da
uomo a uomo;no;a;uomo;da;Che fecero conoscenza con Fritz Schependonk, il vicino, il quale li prese per una coppia clandestina e confidò a Jan, da
uomo a uomo;no;a;uomo;da;Questo istinto di autodifesa genera la totalità delle persone oggi e genera l'assenza di ogni capacità di simpatia umana da
uomo a uomo;no;a;uomo;da;Inoltre la situazione degli xenotrapianti oggi è vista esattamente come i trapianti da
uomo a uomo;no;a;uomo;da;Il chirurgo si accorse che dopo un normale trapianto da
uomo a uomo;no;a;uomo;da;Anche gli alleati del re di Macedonia gli si rivolgevano da
uomo a uomo;no;a;uomo;da;Segreti, appunto, che erano da sempre tramandati da
uomo a uomo;no;a;uomo;da;Queste forme di sapere «tecnico» vengono tramandate da
uomo a uomo;no;a;uomo;da;Essi non possono più guardare negli occhi un altro, da
uomo a uomo;no;a;uomo;da;Oppure senza i sì e i no della figura paterna: finiti i gesti di sostegno virile, i lanci in aria per gioco, le spiegazioni da
uomo a uomo;no;a;uomo;da;Vi segnaliamo anche l'accusa pesantissima dell'animatore del sito pacifista Peacelink, Alessandro Marescotti, ai tecnici che si sono resi conniventi della truffa del baco del millennio: un confronto da
uomo a uomo;no;a;uomo;da;"""È solo una questione di tempo"", secondo Webster, e il virus H5N1, prima o poi, farà il salto della specie, propagandosi da"
uomo a uomo;no;a;uomo;da;"Gli esperti, nel frattempo, ritengono che la trasmissione del virus dell'""influenza dei polli"" sia possibile anche da"
uomo a uomo;no;a;uomo;da;"""Ciò indica che la trasmissione del virus è possibile anche da"
uomo a uomo;no;a;uomo;da;Questa malattia può dare luogo a febbri emorragiche anche fatali e ha una caratteristica particolare: non si trasmette da
uomo a uomo;no;a;uomo;da;Il contagio è solo interumano, vale a dire che la varicella si trasmette solo da
uomo a uomo;no;a;uomo;da;Zika, inoltre, si rivelò molto più complicato di Ebola: mentre Ebola si diffonde quasi esclusivamente da
uomo a uomo;no;a;uomo;ovunque;"Milioni di persone hanno lasciato Wuhan prima che fosse isolata, spargendo il virus ovunque
uomo a uomo;no;a;uomo;da;"Questa trasformazione, ipotizzano gli studiosi, ""potrebbe essere dovuta a variazioni o nelle capacità del virus di trasmettersi da"
uscio a uscio;no;a;uscio;a;E poi il detto lupo vivette due anni in Agobbio, ed entravasi dimesticamente per le case a
utente a utente;no;a;utente;da;Sulla rete Tetra 25, le chiamate non saranno, per lo più, da
valle a valle;no;a;valle;da;Nei rastrellamenti dell'estate 1944 dovemmo spostare da
verde a verde;no;a;verde;aggiungere;Una grande fabbrica silenziosa con alberi che si arrampicano sulla facciata, aggiungendo
volta a volta;no;a;volta;a;Insomma, da buon notaio, era come se protocollasse diverse deposizioni, testimonianze o confessioni da fornire poi agli avvocati per difendere cause a
volta a volta;no;a;volta;eccezione;"Fatto sta che Fellini lo piangiamo tutti senza eccezioni
volta a volta;no;a;volta;a;Fare un bilancio non è facile: l'Istituto si è proposto iniziative che a
volta a volta;no;a;volta;a;Si presentò ai giovani lettori con una bella promessa: Questo vostro foglio, a
volta a volta;no;a;volta;a;Che questo sia il significato delle disposizioni impugnate emerge nitidamente dalla loro lettera: dette disposizioni, difatti, intervenendo a
zero a zero;no;a;zero;malinconicamente;Tornando a casa ho acceso il Televideo e ho letto che la partita era finita, malinconicamente,
zero a zero;no;a;zero;il;Un Milan con poche idee non va oltre lo
zero a zero;no;a;zero;sul;Valzer dei cambi (si fa male anche Lima), Cassano tenta il colpaccio nel finale ma il risultato rimane sullo
zero a zero;no;a;zero;squallido;Uno per uno, mo' che bravi, mo' che carini, mo'hanno anche evitato il prevedibile, squallido
zero a zero;no;a;zero;Palermo;La capolista Inter fa un solo punto a Palermo:
zero a zero;no;a;zero;inchiodatissimo;Assiepati in tribuna d'onore, concentrati su questo inchiodatissimo
zero a zero;no;a;zero;sul;Il Genoa balbettante che aveva perso a Cesena e quello senza idee che si era fatto bloccare sullo
zero a zero;no;a;zero;da;Così semmai dopo diceva che si doveva ricominciare da
zero a zero;no;a;zero;sul;La partita era inchiodata sullo
zero a zero;no;a;zero;finire;Il primo tempo è finito
zero a zero;no;a;zero;pareggiare;A quell'epoca questo era rivoluzionario e cominciammo a pareggiare
zero a zero;no;a;zero;un;Un goal, poi un altro, oppure uno
zero a zero;no;a;zero;sul;Ronaldo ha sbagliato un calcio di rigore quando la partita era ancora sullo
zero a zero;no;a;zero;da;Grande attesa, 8.000 tifosi ieri all'allenamento Parigi val bene un'Italia da
zero a zero;no;a;zero;del;Se ciò risulterà vero, ci troveremo di fronte ad un'inestricabile coincidenza: due squadre che non si attaccano perché convinte della parziale utilità dello
zero a zero;no;a;zero;striminzito;Non solo il pareggio in campionato con il Piacenza, ma anche uno striminzito
zero a zero;no;a;zero;da;Ora ancora in Germania si riparte quasi da
zero a zero;no;a;zero;sul;"Professa inoltre antipatia per certi traslati volenterosamente spiritosi, come ""risultato occhiali"" per intendere una partita finita sullo"
zero a zero;no;a;zero;dal;Noi dobbiamo fare finta che si parta dallo
zero a zero;no;a;zero;finire;Il 26 settembre 1973 Caszely gioca contro l'URSS allo Stadio Lenin di Mosca e la partita finisce
zero a zero;no;a;zero;sul;Nell'intervallo, con il risultato sullo
zero a zero;no;a;zero;sul;Nino Malandrino quel 29 aprile era stato l'eroe del giorno, parando un rigore sullo
zero a zero;no;a;zero;sul;Il risultato non si sbloccava e si era sempre sullo
zona a zona;no;a;zona;da;Vi sono sensibili variazioni da
zona a zona;no;a;zona;da;Se fosse necessario averlo più in fretta lo si può richiedere all'Ufficio delle Imposte del luogo di residenza (i tempi di rilascio sono diversi da
zona a zona;no;a;zona;da;In Italia le donne che risultano portatrici sane sono circa 3 o 4 su 100, con notevoli differenze da
zona a zona;no;a;zona;da;Quest'ultima si è frammentata in una pluralità di dialetti che talora, come a esempio a Bologna, variano da
zona a zona;no;a;zona;da;Tuttavia, produttori e consumatori hanno una conoscenza imprecisa e incompleta di tali leggi, tanto che i prezzi possono variare ampiamente da
zona a zona;no;a;zona;da;A parte questo, naturalmente, la qualità del prodotto varia da
zona a zona;no;a;zona;da;Ma si provi a immaginare un Paese in cui le norme antinquinamento differiscano da
zona a zona;no;a;zona;da;Dobbiamo assolutamente fare una politica del tutto diversa da
zona a zona;no;a;zona;da;La malaria è diffusa in tutta la fascia compresa fra i due tropici con variazioni da
zona a zona;no;a;zona;da;Oltre ad essere diversa da
zona a zona;no;a;zona;da;Una unione spesso ripetuta in molte bottiglie campane con i risultati molto diversi da
zona a zona;no;a;zona;da;Le regole molto spesso vanno decise da
zona a zona;no;a;zona;da;Nel capoluogo lombardo l'andamento è diverso da
zona a zona;no;a;zona;da;Il prezzo d'acquisto del terreno varia da
